,0
0,BlackOut Epic Compound Bow Package
1,PSE Archery Brute NXT RTS Compound-Bow Package
2,BlackOut Pursuit Compound Bow Package
3,PSE Archery Bow Madness Unleashed RTS Compound Bow Package
4,PSE Archery Stinger Max RTS Pro Compound Bow Package
5,BlackOut Intrigue XS Compound Bow Package
6,Bear Archery Brave Youth Bow Set
7,Diamond by Bowtech Edge SB-1 Compound Bow Package
8,Cabela's Insurgent HC RTH Compound Bow Package
9,Cabela's Optimus RTH Compound Bow Package
10,Bear Archery Divergent EKO RTH Compound Bow Package
11,Bear Archery Divergent EKO Compound Bow
12,Bear Archery Vast RTH Compound-Bow Package
13,Bear Archery Paradox RTH Compound Bow Package
14,Bear Archery Royale RTH Compound Bow Package
15,Bear Archery Valiant Long Bow Package for Kids
16,Bushnell Legend Rifle Scope
17,Bushnell Banner II Rifle Scope
18,Leupold VX-5 HD Rifle Scope
19,Nikon M-223 AR Rifle Scope
20,Leupold VX-Freedom FireDot Rifle Scope
21,Burris Signature HD Rifle Scope
22,Burris RT Long Range Rifle Scope
23,Burris RT-3 Prism Sight
24,Swarovski Z5i Rifle Scope
25,Vortex Razor HD LHT Rifle Scope
26,Burris Droptine Rifle Scope
27,BSA BR 3-9x40 Rifle Scope
28,Vortex Razor HD Gen II Rifle Scope
29,Leupold VX-6 HD Rifle Scope
30,Vortex Strike Eagle 5-25x56 Rifle Scope
31,Leupold VX-Freedom AR Rifle Scope
